{
  "members": [
    "member_seed_2026062101",
    "member_seed_2026062102",
    "member_seed_2026062103",
    "member_seed_2026062104"
  ],
  "center": {
    "n_candidates": 18,
    "best_by_mean": {
      "source": "GA/center",
      "objective": "center",
      "design": [
        1,
        1,
        1,
        1,
        1,
        1,
        1,
        1,
        1,
        1,
        0,
        0,
        0,
        0,
        0,
        1,
        1,
        1,
        1,
        1,
        1,
        1,
        1,
        1,
        1
      ],
      "no_pores": 20,
      "constraint_n": null,
      "feasible": true,
      "stored_objective": 2.4425903918713474,
      "ensemble_objective_mean_raw": 2.4439508393010523,
      "ensemble_objective_std_raw": 0.00784293672273518,
      "ensemble_objective_mean": 2.4439508393010523,
      "ensemble_objective_std": 0.00784293672273518,
      "ensemble_q05": 2.435290779059769,
      "ensemble_q50": 2.444621294938339,
      "ensemble_q95": 2.451672261650134,
      "risk_score_beta_1": 2.436107902578317,
      "explore_score_kappa_1": 2.4517937760237873,
      "relative_objective_std": 0.0032091221298781074,
      "member_member_seed_2026062101": 2.434134689581257,
      "member_member_seed_2026062102": 2.44740063710534,
      "member_member_seed_2026062103": 2.4418419527713375,
      "member_member_seed_2026062104": 2.452426077746274
    },
    "best_by_risk_beta_1": {
      "source": "GA/center",
      "objective": "center",
      "design": [
        1,
        1,
        1,
        1,
        1,
        1,
        1,
        1,
        1,
        1,
        0,
        0,
        0,
        0,
        0,
        1,
        1,
        1,
        1,
        1,
        1,
        1,
        1,
        1,
        1
      ],
      "no_pores": 20,
      "constraint_n": null,
      "feasible": true,
      "stored_objective": 2.4425903918713474,
      "ensemble_objective_mean_raw": 2.4439508393010523,
      "ensemble_objective_std_raw": 0.00784293672273518,
      "ensemble_objective_mean": 2.4439508393010523,
      "ensemble_objective_std": 0.00784293672273518,
      "ensemble_q05": 2.435290779059769,
      "ensemble_q50": 2.444621294938339,
      "ensemble_q95": 2.451672261650134,
      "risk_score_beta_1": 2.436107902578317,
      "explore_score_kappa_1": 2.4517937760237873,
      "relative_objective_std": 0.0032091221298781074,
      "member_member_seed_2026062101": 2.434134689581257,
      "member_member_seed_2026062102": 2.44740063710534,
      "member_member_seed_2026062103": 2.4418419527713375,
      "member_member_seed_2026062104": 2.452426077746274
    },
    "most_uncertain": {
      "source": "GA/center",
      "objective": "center",
      "design": [
        1,
        1,
        1,
        1,
        1,
        0,
        1,
        1,
        1,
        1,
        0,
        0,
        0,
        0,
        0,
        1,
        1,
        1,
        1,
        0,
        1,
        1,
        1,
        1,
        1
      ],
      "no_pores": 18,
      "constraint_n": null,
      "feasible": true,
      "stored_objective": 2.3969820032002302,
      "ensemble_objective_mean_raw": 2.396183295683124,
      "ensemble_objective_std_raw": 0.01846851917922528,
      "ensemble_objective_mean": 2.396183295683124,
      "ensemble_objective_std": 0.01846851917922528,
      "ensemble_q05": 2.374561902526199,
      "ensemble_q50": 2.4008319582354303,
      "ensemble_q95": 2.4112965612668202,
      "risk_score_beta_1": 2.3777147765038986,
      "explore_score_kappa_1": 2.4146518148623493,
      "relative_objective_std": 0.007707473469370014,
      "member_member_seed_2026062101": 2.3932469253689295,
      "member_member_seed_2026062102": 2.411804720707683,
      "member_member_seed_2026062103": 2.3712645455539523,
      "member_member_seed_2026062104": 2.408416991101931
    },
    "mean_relative_objective_std": 0.005066406372663052,
    "max_relative_objective_std": 0.009289523358179735
  },
  "two_points": {
    "n_candidates": 114,
    "best_by_mean": {
      "source": "TO/two_points",
      "objective": "two_points",
      "design": [
        0,
        1,
        0,
        1,
        0,
        0,
        0,
        0,
        1,
        0,
        0,
        1,
        0,
        0,
        0,
        0,
        1,
        1,
        1,
        0,
        0,
        1,
        1,
        1,
        1
      ],
      "no_pores": 11,
      "constraint_n": 11,
      "feasible": true,
      "stored_objective": 1.902576353307595,
      "ensemble_objective_mean_raw": 1.879082568573798,
      "ensemble_objective_std_raw": 0.010177506419756668,
      "ensemble_objective_mean": 1.879082568573798,
      "ensemble_objective_std": 0.010177506419756668,
      "ensemble_q05": 1.8666930781471147,
      "ensemble_q50": 1.883141136914656,
      "ensemble_q95": 1.88579006332328,
      "risk_score_beta_1": 1.8689050621540413,
      "explore_score_kappa_1": 1.8892600749935546,
      "relative_objective_std": 0.005416210330491905,
      "member_member_seed_2026062101": 1.8641676949504038,
      "member_member_seed_2026062102": 1.8810035829284772,
      "member_member_seed_2026062103": 1.8858803055154763,
      "member_member_seed_2026062104": 1.8852786909008348
    },
    "best_by_risk_beta_1": {
      "source": "TO/two_points",
      "objective": "two_points",
      "design": [
        0,
        1,
        0,
        1,
        0,
        0,
        0,
        0,
        1,
        0,
        0,
        1,
        0,
        0,
        0,
        0,
        1,
        1,
        1,
        0,
        0,
        1,
        1,
        1,
        1
      ],
      "no_pores": 11,
      "constraint_n": 11,
      "feasible": true,
      "stored_objective": 1.902576353307595,
      "ensemble_objective_mean_raw": 1.879082568573798,
      "ensemble_objective_std_raw": 0.010177506419756668,
      "ensemble_objective_mean": 1.879082568573798,
      "ensemble_objective_std": 0.010177506419756668,
      "ensemble_q05": 1.8666930781471147,
      "ensemble_q50": 1.883141136914656,
      "ensemble_q95": 1.88579006332328,
      "risk_score_beta_1": 1.8689050621540413,
      "explore_score_kappa_1": 1.8892600749935546,
      "relative_objective_std": 0.005416210330491905,
      "member_member_seed_2026062101": 1.8641676949504038,
      "member_member_seed_2026062102": 1.8810035829284772,
      "member_member_seed_2026062103": 1.8858803055154763,
      "member_member_seed_2026062104": 1.8852786909008348
    },
    "most_uncertain": {
      "source": "TO/two_points_N7",
      "objective": "two_points",
      "design": [
        0,
        1,
        0,
        1,
        0,
        0,
        0,
        0,
        0,
        0,
        0,
        1,
        0,
        0,
        0,
        0,
        1,
        0,
        1,
        0,
        0,
        1,
        0,
        1,
        0
      ],
      "no_pores": 7,
      "constraint_n": 7,
      "feasible": true,
      "stored_objective": 1.7024590878685295,
      "ensemble_objective_mean_raw": 1.6834817384752052,
      "ensemble_objective_std_raw": 0.021485426247118616,
      "ensemble_objective_mean": 1.6834817384752052,
      "ensemble_objective_std": 0.021485426247118616,
      "ensemble_q05": 1.6626951271441772,
      "ensemble_q50": 1.681116749264405,
      "ensemble_q95": 1.7075793347013533,
      "risk_score_beta_1": 1.6619963122280865,
      "explore_score_kappa_1": 1.704967164722324,
      "relative_objective_std": 0.012762494392471879,
      "member_member_seed_2026062101": 1.6606383666335254,
      "member_member_seed_2026062102": 1.6743501033712038,
      "member_member_seed_2026062103": 1.711055088738485,
      "member_member_seed_2026062104": 1.6878833951576064
    },
    "mean_relative_objective_std": 0.0013845660913113379,
    "max_relative_objective_std": 0.012762494392471879
  }
}